{"cameraMode":{"drawMode":0,"name":"Shaded","section":"Shading Mode"},"sceneLighting":true,"audioPlay":false,"sceneViewState":{"showFog":false,"showMaterialUpdate":false,"showSkybox":false,"showFlares":false,"showImageEffects":false,"showParticleSystems":false},"in2DMode":false,"pivot":{"x":0.6767585873603821,"y":-2.019660472869873,"z":-1.7272262573242188},"rotation":{"x":-0.004467566963285208,"y":0.9408885836601257,"z":-0.3384585976600647,"w":-0.012419558130204678},"size":4.343448638916016,"orthographic":false}